question,ground_truth_answer,naive_rag_answer,contextual_retrieval_answer,naive_rouge1,naive_rouge2,naive_rougeL,contextual_rouge1,contextual_rouge2,contextual_rougeL
What is the primary purpose of the self-attention mechanism in a transformer?,Self-attention allows a model to build contextual representations of a token by integrating information from other tokens in the sequence.,"The primary purpose of the self-attention mechanism in a transformer is to build contextual representations of a token's meaning by attending to and integrating information from surrounding tokens, helping the model learn how tokens relate to each other over large spans.","The primary purpose of the self-attention mechanism in a transformer is to build contextual representations of a token's meaning by attending to and integrating information from surrounding tokens, helping the model learn how tokens relate to each other over large spans. This is achieved through the multi-head attention layer, which enables the model to learn relationships between tokens.",0.59375,0.29032258064516125,0.5,0.46341463414634154,0.25,0.3902439024390244
"In the attention mechanism, what roles do the query, key, and value vectors play?","The query represents the current token being compared, the key represents tokens used for similarity comparison, and the value contains the information that is weighted and combined in the output.","The query, key, and value vectors play the following roles in the attention mechanism: 

The query vector is used to match keys representing content in an associative memory. 
The key vector represents content in an associative memory. 
The value vector is used to compute the weighted sum that is our a3.","In the attention mechanism, the query, key, and value vectors play the following roles: 

- The query vector is used to compare with the keys to determine a similarity weight.
- The key vector is used as a preceding input that is being compared to the current element.
- The value vector is used as the value of a preceding element that gets weighted and summed up to compute the output for the current element.",0.4197530864197531,0.1518987341772152,0.271604938271605,0.43137254901960786,0.18,0.29411764705882354
Why is a scaling factor used in the dot product of query and key vectors?,The dot product is scaled by the square root of the key dimension to prevent large values that could cause unstable gradients during training.,"Exponentiating large values can lead to numerical issues and loss of gradients during training. To avoid this, the dot product is scaled by a factor related to the size of the embeddings, specifically by dividing by the square root of the dimensionality of the query and key vectors (dk).",The answer is not found in the provided context.,0.49315068493150693,0.3661971830985915,0.3287671232876712,0.18181818181818182,0.0,0.18181818181818182
Why do transformers use multi-head attention instead of a single attention head?,Multi-head attention allows the model to attend to different types of relationships in the sequence simultaneously using multiple attention heads.,"Transformers use multi-head attention instead of a single attention head because each head might be specialized to represent different linguistic relationships between context elements and the current token, or to look for particular kinds of patterns in the context. This allows for multiple purposes to be attended to in parallel.","The text doesn't explicitly state why transformers use multi-head attention instead of a single attention head. However, it mentions that each head might be attending to the context for different purposes, suggesting that multi-head attention allows the model to capture different aspects of the context.",0.4722222222222222,0.14285714285714288,0.25,0.43478260869565216,0.23880597014925373,0.28985507246376807
What components are included in a standard transformer block?,"A transformer block includes a multi-head self-attention layer, a feedforward network, residual connections, and layer normalization.","A standard transformer block consists of a residual stream with the input from the prior layer passed up to the next layer, and the output of different components added to it. These components include a multi-head attention layer followed by a feedforward layer, each preceded by layer normalizations.","A standard transformer block consists of a residual stream that includes a multi-head attention layer, a feedforward layer, and layer normalizations. These components are stacked to make deeper and more powerful networks.",0.44776119402985076,0.2153846153846154,0.3880597014925374,0.6274509803921569,0.3673469387755102,0.5490196078431373
What is the residual stream in a transformer block?,The residual stream is the pathway where token representations are passed through layers while each component reads from and adds its output back to the stream.,"The residual stream in a transformer block is a single stream of d-dimensional representations for a token position, starting with the original input vector. It passes the input from the prior layer up to the next layer, with the output of different components added to it. These components include a multi-head attention layer followed by a feedforward layer, each preceded by layer normalizations.","The residual stream in a transformer block is a single stream of d-dimensional representations for a token position, starting with the original input vector and passing through various components. It represents the current or next token at different stages of the process, with the current token represented at earlier transformer blocks and the following token represented at the highest transformer blocks.",0.3516483516483517,0.06741573033707865,0.1978021978021978,0.29545454545454547,0.06976744186046512,0.22727272727272727
How are positional embeddings combined with token embeddings in a transformer?,Positional embeddings are added to token embeddings so the model can represent both the token identity and its position in the sequence.,"In a transformer, the input X is computed by adding an embedding (computed with an embedding matrix) to a positional encoding that represents the sequential position of the token in the window. This means that positional embeddings are combined with token embeddings by addition.","To combine positional embeddings with token embeddings in a transformer, we add the two embeddings together. The individual token and position embeddings are both of size [1×d], so their sum is also [1×d], which serves as the input for further processing.",0.4242424242424242,0.15625,0.2121212121212121,0.4615384615384615,0.09523809523809523,0.30769230769230765
What is the architecture of the feedforward layer in a transformer block?,The feedforward layer is a two-layer fully connected network applied independently to each token representation.,"The architecture of the feedforward layer in a transformer block is a fully-connected 2-layer network, also known as one hidden layer, with two weight matrices.","The feedforward layer in a transformer block is a fully-connected 2-layer network, also known as a hidden layer, with two weight matrices.",0.4651162790697674,0.1951219512195122,0.37209302325581395,0.5,0.2105263157894737,0.4
What is the purpose of layer normalization in transformers?,Layer normalization stabilizes training by normalizing activations so they have a consistent scale across the network.,"The purpose of layer normalization in transformers is to keep the values of a hidden layer in a range that facilitates gradient-based training, improving training performance in deep neural networks.","Layer normalization is used to improve training performance in deep neural networks by keeping the values of a hidden layer in a range that facilitates gradient-based training. It normalizes the vector components to have zero mean and a standard deviation of one, which helps in stabilizing the training process.",0.25531914893617014,0.04444444444444444,0.1702127659574468,0.30303030303030304,0.03125,0.24242424242424243
Why is masking used in the self-attention of causal language models?,Masking prevents tokens from attending to future tokens so the model only uses previous context when predicting the next token.,"Masking is used in the self-attention of causal language models because the calculation of QK⊺ results in a score for each query value to every key value, including those that follow the query, which is inappropriate in language modeling. This is because knowing the future input can make it easy to guess the next word.","Masking is used in the self-attention of causal language models to prevent the model from accessing future tokens when predicting the next word in a sequence. This is because the model should only have access to prior words, not future words, in order to make accurate predictions.",0.21052631578947364,0.027027027027027025,0.15789473684210525,0.4117647058823529,0.15151515151515152,0.26470588235294124
What components make up the language modeling head?,The language modeling head consists of a linear projection called the unembedding layer followed by a softmax to produce probabilities over the vocabulary.,The language modeling head is the additional neural circuitry we add on top of the basic transformer architecture when we apply pretrained transformer models to various tasks.,The language modeling head consists of a linear unembedding matrix and a softmax over the vocabulary. These components are used to generate a distribution over possible next tokens by passing the output embedding through them.,0.31999999999999995,0.12499999999999997,0.27999999999999997,0.5862068965517241,0.35714285714285715,0.48275862068965525
What is weight tying in transformer language models?,Weight tying refers to sharing the same weight matrix between the token embedding layer and the final unembedding layer.,Weight tying is a technique used in transformer language models where the linear layer's matrix is tied to the transpose of the embedding matrix E. This means the same weights are used for two different matrices in the model.,"Weight tying is a technique used in transformer language models where the same weights are used for two different matrices in the model. Specifically, in the provided context, the weight tying is used to tie the linear layer's matrix to the transpose of the embedding matrix E.",0.37288135593220345,0.10526315789473684,0.23728813559322032,0.3283582089552239,0.09230769230769229,0.23880597014925375
How does top-k sampling work during text generation?,Top-k sampling restricts the probability distribution to the k most likely tokens and randomly samples the next token from that subset.,"Top-k sampling works by first truncating the distribution to the top k most likely words, renormalizing their probabilities to produce a legitimate distribution, and then randomly sampling from within these k words according to their renormalized probabilities. This process is repeated for each word in the vocabulary, with the language model computing the likelihood of each word given the context. The top k words are then randomly selected based on their probabilities.","During text generation, top-k sampling works by first truncating the distribution to the top k most likely words, renormalizing to produce a legitimate probability distribution, and then randomly sampling from within these k words according to their renormalized probabilities. This process is repeated for each word in the vocabulary, with the model predicting the next token based on the context provided by the previous tokens.",0.3368421052631579,0.15053763440860216,0.29473684210526313,0.4318181818181818,0.23255813953488375,0.36363636363636365
What is the intuition behind top-p or nucleus sampling?,Top-p sampling selects the smallest set of tokens whose cumulative probability exceeds a threshold p and samples from that set.,"The intuition behind top-p or nucleus sampling is to keep the top p percent of the probability mass, rather than a fixed number of words, to truncate the distribution and remove very unlikely words. This approach aims to balance diversity and quality by selecting words that are still probable enough, even if they are not the most probable.","The intuition behind top-p or nucleus sampling is to keep the top p percent of the probability mass, rather than a fixed number of words (k), to truncate the distribution and remove very unlikely words. This approach aims to preserve the most probable words while allowing for more diverse text generation.",0.27499999999999997,0.025641025641025644,0.22500000000000003,0.24657534246575344,0.02816901408450704,0.21917808219178084
What training objective is commonly used for large language models?,Large language models are typically trained using cross-entropy loss to maximize the probability of the correct next token.,The training objective commonly used for large language models is to predict upcoming words. This is achieved by passing the model's output through a softmax to generate word probabilities.,"The training objective commonly used for large language models is predicting upcoming words, as mentioned in the context of fine-tuning.",0.3673469387755102,0.0851063829787234,0.24489795918367346,0.4,0.10526315789473685,0.25
How does the KV cache improve inference efficiency?,The KV cache stores key and value vectors from previous tokens so they do not need to be recomputed during autoregressive generation.,"The KV cache improves inference efficiency by storing computed key and value vectors in memory, allowing them to be retrieved from the cache instead of being recomputed when needed. This modification is shown in Fig. 8.18, which modifies Fig. 8.11 to illustrate the computation for a single new token.","The KV cache improves inference efficiency by storing key and value vectors in memory, allowing them to be retrieved from the cache instead of being recomputed when needed. This enables faster computation when processing new tokens, as shown in Fig. 8.18.",0.3835616438356165,0.1971830985915493,0.3013698630136986,0.43749999999999994,0.2580645161290323,0.34375000000000006
Why is attention sometimes called a token-mixing component?,Attention is called token-mixing because it integrates information from other tokens into the representation of the current token.,"The attention function is called a token-mixing component because it mixes information from neighboring token streams into the current stream. This is shown in Figure 8.8, where information from Token A's residual stream is moved into Token B's residual stream.","Attention is sometimes called a token-mixing component because it moves information from the residual stream of a neighboring token into the current stream, augmenting the stream at one token position with information from another token position. This is shown in Figure 8.8, where information from Token A's residual stream is moved into Token B's residual stream.",0.4761904761904762,0.19672131147540986,0.44444444444444436,0.4050632911392405,0.18181818181818185,0.35443037974683544
What is a decoder-only transformer model?,A decoder-only transformer is a unidirectional model that predicts tokens autoregressively using only the decoder architecture.,A decoder-only model is roughly half of the encoder-decoder-only model for transformers. It is also referred to as a transformer used for unidirectional causal language models.,"A decoder-only model is a type of transformer used for unidirectional causal language modeling, which constitutes roughly half of the encoder-decoder-only model for transformers. This model is also referred to as a transformer decoder for language modeling.",0.5217391304347826,0.09090909090909091,0.34782608695652173,0.42105263157894735,0.1090909090909091,0.31578947368421056
What is a limitation of absolute positional embeddings?,Absolute positional embeddings may generalize poorly to positions near the maximum sequence length because those positions appear less frequently in training.,A limitation of absolute positional embeddings is that the embeddings corresponding to the outer length limits may be poorly trained and may not generalize well during testing due to fewer training examples.,The answer is not found in the provided context.,0.37735849056603776,0.0784313725490196,0.2641509433962264,0.13333333333333333,0.0,0.13333333333333333
What is the purpose of the logit lens tool?,The logit lens is an interpretability method that applies the final unembedding layer to intermediate activations to analyze what the model is predicting at different layers.,"The logit lens tool is a way to visualize what the internal layers of the transformer might be representing. It does this by taking any vector from any layer, pretending it's the pre-final embedding, multiplying it by the unembedding layer to get logits, and computing a softmax to see the distribution over words that the vector might be representing.","The logit lens tool is a technique used to visualize the internal representations of a transformer model by multiplying a vector from any layer by the unembedding layer to get logits, and then computing a softmax to see the distribution over words that the vector might be representing. This can be a useful tool for understanding how the model is processing input data.",0.3218390804597701,0.11764705882352941,0.2528735632183908,0.3146067415730337,0.1379310344827586,0.2696629213483146
